,mean_fit_time,std_fit_time,mean_score_time,std_score_time,param_criterion,param_max_depth,param_min_impurity_decrease,param_n_estimators,param_n_jobs,params,split0_test_score,split1_test_score,split2_test_score,mean_test_score,std_test_score,rank_test_score
0,979.0739370187124,6.269343155409436,0.10727763175964355,0.0004962497019769564,mae,3,0,30,-1,"{'criterion': 'mae', 'max_depth': 3, 'min_impurity_decrease': 0, 'n_estimators': 30, 'n_jobs': -1}",-14.879482323232322,-15.75504148629149,-16.721393348968668,-15.785249433788307,0.7522490732198711,1
1,547.5960222880045,210.4345234594654,0.10837586720784505,0.0034248751369771726,mae,3,5,30,-1,"{'criterion': 'mae', 'max_depth': 3, 'min_impurity_decrease': 5, 'n_estimators': 30, 'n_jobs': -1}",-23.930363155363157,-25.348998917748915,-25.85607071982681,-25.045095504379372,0.8149984610680086,2
